{
  "hash": "fd2e68ca",
  "configHash": "eced74b8",
  "lockfileHash": "5a403c08",
  "browserHash": "85a27e8e",
  "optimized": {
    "@angular/common": {
      "src": "../../../../../../node_modules/@angular/common/fesm2022/common.mjs",
      "file": "@angular_common.js",
      "fileHash": "4783e9a8",
      "needsInterop": false
    },
    "@angular/common/http": {
      "src": "../../../../../../node_modules/@angular/common/fesm2022/http.mjs",
      "file": "@angular_common_http.js",
      "fileHash": "3f92af30",
      "needsInterop": false
    },
    "@angular/core": {
      "src": "../../../../../../node_modules/@angular/core/fesm2022/core.mjs",
      "file": "@angular_core.js",
      "fileHash": "80a3ee26",
      "needsInterop": false
    },
    "@angular/core/rxjs-interop": {
      "src": "../../../../../../node_modules/@angular/core/fesm2022/rxjs-interop.mjs",
      "file": "@angular_core_rxjs-interop.js",
      "fileHash": "9ee07746",
      "needsInterop": false
    },
    "@angular/platform-browser": {
      "src": "../../../../../../node_modules/@angular/platform-browser/fesm2022/platform-browser.mjs",
      "file": "@angular_platform-browser.js",
      "fileHash": "6ab7b3a8",
      "needsInterop": false
    },
    "@angular/router": {
      "src": "../../../../../../node_modules/@angular/router/fesm2022/router.mjs",
      "file": "@angular_router.js",
      "fileHash": "c52afbbe",
      "needsInterop": false
    }
  },
  "chunks": {
    "chunk-RA4FKFDU": {
      "file": "chunk-RA4FKFDU.js"
    },
    "chunk-AOCXQUQX": {
      "file": "chunk-AOCXQUQX.js"
    },
    "chunk-GE32LMP3": {
      "file": "chunk-GE32LMP3.js"
    },
    "chunk-VUZ3HBED": {
      "file": "chunk-VUZ3HBED.js"
    }
  }
}