[
  {
    "id": "1",
    "picture": "assets/images/menu1.png",
    "title": "Italian ice cream",
    "price": 15,
    "description": "Unlike ice cream, Italian ice cream has a full, delicious, unmistakable consistency. In addition, made in Italy ice cream is served at temperatures that are on average less cold and therefore more suitable for enhancing its velvety body and intense flavor.\r\n"
  },
  {
    "id": "2",
    "picture": "assets/images/menu2.png",
    "title": "American pancakes",
    "price": 25,
    "description": "American pancakes are made from a thick batter consisting of eggs, flour, milk, and baking powder. Additionally, fruit such as apples, strawberries, and blueberries can also be added to the batter, along with buttermilk or chocolate chips. \r\n"
  },
  {
    "id": "3",
    "picture": "assets/images/menu3.png",
    "title": "Macarons",
    "price": 30,
    "description": "A macaron is a meringue-based sandwich cookie made with almond flour, egg whites, confectioners' sugar, and food coloring. Common fillings include buttercream, ganache, and fruit-based jam. The meringues have smooth tops, ruffled edges and flat bottoms.\r\n"
  },
  {
    "id": "4",
    "picture": "assets/images/menu4.png",
    "title": "Cheese pie",
    "price": 18,
    "description": "A sweet pie made with just a handful of basic ingredients, with cream cheese as the star. Using a combination of whipped heavy cream and powdered sugar gives the pie a creamy, fluffy texture, as well as structure.\r\n"
  },
  {
    "id": "5",
    "picture": "assets/images/menu5.png",
    "title": "Strawberry cake",
    "price": 21,
    "description": "A fluffy vanilla cake is loaded with fresh sweet strawberries and a rich cream cheese whipped cream.\r\n"
  },
  {
    "id": "6",
    "picture": "assets/images/menu6.png",
    "title": "Raspberry muffin",
    "price": 11,
    "description": "Soft, tender, buttery muffins filled with juicy raspberries and topped with a sweet streusel topping.\r\n"
  },
  {
    "id": "7",
    "picture": "assets/images/menu7.png",
    "title": "Fruit platter",
    "price": 48,
    "description": "A vibrant and refreshing assortment of seasonal fruits, carefully selected.\r\n"
  },
  {
    "id": "8",
    "picture": "assets/images/menu8.png",
    "title": "Lemony cheesecake",
    "price": 23,
    "description": "A dessert consisting of a thick, creamy filling of cheese, eggs, and sugar over a thinner crust and topped with sweet or sometimes salty items.\r\n"
  }
]
